id,first_name,last_name,email,country,ip_address
1,Aaron,Graham,agraham0@topsy.com,Botswana,110.184.244.245
2,Edward,Nguyen,enguyen1@t.co,Portugal,195.120.189.158
3,Teresa,Lewis,tlewis2@newyorker.com,Spain,169.140.189.133
4,Norma,Allen,nallen3@cnn.com,Nigeria,7.30.204.20
5,Donald,Richardson,drichardson4@foxnews.com,Brazil,94.181.130.126
6,Walter,Webb,wwebb5@npr.org,China,152.64.79.183
7,Susan,Grant,sgrant6@wikipedia.org,Brazil,57.0.143.156
8,Ruth,Harrison,rharrison7@samsung.com,Mexico,228.72.30.143
9,Fred,Gonzalez,fgonzalez8@icq.com,Indonesia,8.106.64.211
10,Julia,Stone,jstone9@indiegogo.com,Ireland,12.239.2.19
11,Billy,Rice,bricea@loc.gov,Indonesia,188.26.243.159
12,Richard,Chapman,rchapmanb@bloglovin.com,Brazil,10.80.73.244
13,Ronald,Crawford,rcrawfordc@xing.com,Portugal,172.214.140.204
14,Robin,Burke,rburked@ibm.com,Indonesia,150.117.131.147
15,George,Pierce,gpiercee@biblegateway.com,Honduras,141.120.42.20
16,Jessica,Harrison,jharrisonf@godaddy.com,United Kingdom,221.128.198.15
17,Carol,Perry,cperryg@mlb.com,Philippines,78.89.49.208
18,Earl,Parker,eparkerh@japanpost.jp,Russia,66.170.123.10
19,Aaron,Armstrong,aarmstrongi@amazon.de,Mexico,77.175.222.164
20,Martha,Morgan,mmorganj@phoca.cz,China,28.212.106.99
21,Thomas,Larson,tlarsonk@163.com,China,229.147.222.67
22,Irene,Anderson,iandersonl@ovh.net,Israel,227.25.28.217
23,Joshua,Nguyen,jnguyenm@paypal.com,China,4.36.22.37
24,Keith,Parker,kparkern@sphinn.com,Rwanda,96.186.98.37
25,Martha,Roberts,mrobertso@bing.com,China,252.66.64.253
26,Ronald,Sanchez,rsanchezp@rakuten.co.jp,Ivory Coast,160.187.248.33
27,Dorothy,Rivera,driveraq@sphinn.com,China,213.226.196.120
28,Jeremy,Duncan,jduncanr@rediff.com,Colombia,29.139.124.10
29,Janice,Carroll,jcarrolls@sina.com.cn,Indonesia,190.112.81.54
30,Janice,Reyes,jreyest@slashdot.org,Nepal,104.236.212.96
31,Helen,Watson,hwatsonu@yelp.com,China,252.138.87.124
32,Anna,Chapman,achapmanv@icio.us,Pakistan,96.4.212.146
33,Benjamin,Hart,bhartw@icq.com,Malaysia,11.154.137.214
34,Robert,Jacobs,rjacobsx@cisco.com,Argentina,22.226.97.30
35,Nicole,Cruz,ncruzy@webeden.co.uk,Brazil,220.135.55.181
36,Rebecca,Perez,rperezz@free.fr,Indonesia,140.130.197.140
37,Teresa,Duncan,tduncan10@va.gov,Zimbabwe,61.34.32.202
38,Willie,Stevens,wstevens11@studiopress.com,Armenia,172.12.130.201
39,Paul,Burton,pburton12@clickbank.net,Greece,29.255.30.250
40,George,Ryan,gryan13@buzzfeed.com,China,188.178.234.1
41,Paul,Green,pgreen14@unblog.fr,China,235.35.163.214
42,Bobby,Jordan,bjordan15@go.com,Guatemala,197.118.147.28
43,Juan,Robinson,jrobinson16@mapy.cz,China,55.243.180.213
44,Justin,Stanley,jstanley17@ehow.com,China,130.195.233.197
45,Karen,Castillo,kcastillo18@lulu.com,China,204.9.91.71
46,James,Lewis,jlewis19@google.com.au,Portugal,50.136.117.253
47,Kevin,Moreno,kmoreno1a@edublogs.org,China,64.144.122.39
48,Norma,Hudson,nhudson1b@mozilla.org,China,132.19.129.247
49,Gloria,Ferguson,gferguson1c@ox.ac.uk,United Kingdom,118.107.239.184
50,Donald,Grant,dgrant1d@nhs.uk,France,163.1.44.188
51,Deborah,Robinson,drobinson1e@seesaa.net,Latvia,82.74.8.212
52,Anne,Montgomery,amontgomery1f@myspace.com,China,109.106.159.131
53,Kathryn,Graham,kgraham1g@blinklist.com,China,142.230.58.71
54,Craig,Welch,cwelch1h@oakley.com,Philippines,245.85.106.62
55,Beverly,Bradley,bbradley1i@harvard.edu,Uganda,213.145.223.132
56,Kathy,Welch,kwelch1j@hexun.com,Czech Republic,23.217.60.158
57,Ralph,Cooper,rcooper1k@independent.co.uk,Philippines,116.234.135.156
58,Martin,Morgan,mmorgan1l@examiner.com,China,201.27.67.102
59,Gloria,Fowler,gfowler1m@apache.org,Sri Lanka,167.86.12.113
60,Peter,Franklin,pfranklin1n@devhub.com,Poland,208.28.4.202
61,Lillian,Fields,lfields1o@wsj.com,China,177.0.67.229
62,Jean,Elliott,jelliott1p@usnews.com,Sweden,73.157.112.106
63,Jimmy,Wagner,jwagner1q@sogou.com,France,81.144.184.38
64,Lori,Anderson,landerson1r@hhs.gov,Indonesia,226.151.135.226
65,Raymond,Reynolds,rreynolds1s@dailymail.co.uk,Russia,176.226.175.80
66,Judith,Dixon,jdixon1t@ehow.com,Democratic Republic of the Congo,139.209.210.227
67,Frances,Ward,fward1u@surveymonkey.com,Norway,249.21.255.41
68,Julie,Carpenter,jcarpenter1v@bbc.co.uk,China,52.218.14.201
69,Clarence,Ray,cray1w@timesonline.co.uk,Namibia,148.44.185.6
70,Nicholas,Gibson,ngibson1x@devhub.com,China,167.52.130.229
71,Willie,Hill,whill1y@cnbc.com,Nicaragua,226.47.205.246
72,Teresa,Harris,tharris1z@washingtonpost.com,China,86.143.45.44
73,Joseph,Roberts,jroberts20@businesswire.com,China,183.24.104.153
74,Randy,Harris,rharris21@imgur.com,Vietnam,141.171.117.146
75,Henry,Garcia,hgarcia22@is.gd,Panama,234.114.69.174
76,Jeremy,Kelley,jkelley23@example.com,Colombia,192.135.58.73
77,Jesse,Ramos,jramos24@prweb.com,Peru,72.209.217.209
78,Judith,Peterson,jpeterson25@lulu.com,Germany,222.141.241.178
79,Amy,Sanders,asanders26@dedecms.com,Argentina,198.109.129.34
80,Joseph,Richards,jrichards27@ocn.ne.jp,Indonesia,105.162.120.35
81,Henry,Willis,hwillis28@bizjournals.com,Indonesia,53.11.221.182
82,George,Henry,ghenry29@hao123.com,Madagascar,194.94.223.214
83,Heather,Hayes,hhayes2a@fotki.com,Chile,31.71.172.78
84,Elizabeth,Brooks,ebrooks2b@jiathis.com,South Sudan,1.3.167.153
85,Benjamin,Gardner,bgardner2c@nyu.edu,Colombia,85.97.68.64
86,Diana,Sullivan,dsullivan2d@angelfire.com,Japan,69.238.21.192
87,Elizabeth,Alexander,ealexander2e@npr.org,Vietnam,167.181.25.92
88,Joe,Ray,jray2f@cnet.com,Vietnam,224.11.192.36
89,Phillip,Nelson,pnelson2g@soundcloud.com,Russia,73.62.33.54
90,Jonathan,Cook,jcook2h@rambler.ru,China,101.114.11.149
91,Lawrence,Davis,ldavis2i@webeden.co.uk,Ukraine,99.77.238.200
92,Laura,Coleman,lcoleman2j@godaddy.com,Portugal,195.189.40.182
93,Shawn,Russell,srussell2k@newyorker.com,Brazil,122.51.16.217
94,Phyllis,Austin,paustin2l@wikimedia.org,Macedonia,146.28.171.88
95,Ruth,Stephens,rstephens2m@shareasale.com,China,15.242.29.220
96,Earl,Little,elittle2n@msn.com,China,238.98.99.76
97,Paul,White,pwhite2o@blogspot.com,Brazil,55.201.78.94
98,Johnny,Mcdonald,jmcdonald2p@mediafire.com,Colombia,21.160.170.255
99,Fred,Matthews,fmatthews2q@bbc.co.uk,Philippines,3.14.120.159
100,Robert,Bradley,rbradley2r@issuu.com,Portugal,38.117.111.228
101,Mark,Parker,mparker2s@rambler.ru,Philippines,85.189.183.252
102,Edward,Hanson,ehanson2t@odnoklassniki.ru,Philippines,45.182.134.156
103,Randy,Carroll,rcarroll2u@last.fm,Greece,208.96.166.4
104,Benjamin,Rogers,brogers2v@youtube.com,China,230.10.67.247
105,Janice,James,jjames2w@ted.com,France,13.43.39.112
106,Anthony,Powell,apowell2x@networkadvertising.org,Nigeria,120.101.232.252
107,Rachel,Reid,rreid2y@myspace.com,Zimbabwe,12.93.241.138
108,Kimberly,Henderson,khenderson2z@cbsnews.com,Madagascar,45.191.50.246
109,Martha,Miller,mmiller30@squarespace.com,Indonesia,208.163.212.233
110,Sandra,Montgomery,smontgomery31@guardian.co.uk,Indonesia,242.114.205.67
111,Lois,Hernandez,lhernandez32@buzzfeed.com,Thailand,157.155.46.13
112,Jennifer,Rivera,jrivera33@pinterest.com,China,176.229.186.200
113,Beverly,Flores,bflores34@wordpress.com,China,121.219.167.248
114,Steve,Rodriguez,srodriguez35@alexa.com,Russia,159.204.78.191
115,Michelle,Smith,msmith36@wiley.com,Turkmenistan,237.254.143.201
116,Diana,Garrett,dgarrett37@taobao.com,China,77.193.165.192
117,Nicholas,Reid,nreid38@over-blog.com,Indonesia,121.30.118.135
118,Philip,Butler,pbutler39@shareasale.com,Indonesia,65.218.49.239
119,Doris,Perez,dperez3a@shop-pro.jp,Slovenia,71.56.58.250
120,Theresa,Sanders,tsanders3b@scientificamerican.com,Lithuania,147.61.208.245
121,Ashley,Garcia,agarcia3c@jiathis.com,Indonesia,215.7.90.112
122,Harold,Palmer,hpalmer3d@weebly.com,Argentina,48.63.109.232
123,Patrick,Turner,pturner3e@goo.gl,Moldova,118.105.249.99
124,Nancy,Cole,ncole3f@oracle.com,Russia,42.228.249.43
125,Joshua,Hall,jhall3g@about.com,Poland,124.210.89.89
126,Samuel,Frazier,sfrazier3h@w3.org,Ecuador,212.86.224.91
127,Kelly,Williams,kwilliams3i@de.vu,United States,238.17.144.231
128,Heather,Jones,hjones3j@discuz.net,Japan,99.51.204.136
129,Shawn,Hughes,shughes3k@flickr.com,Portugal,59.252.123.236
130,Louise,Woods,lwoods3l@biglobe.ne.jp,Indonesia,98.3.150.105
131,Howard,Ferguson,hferguson3m@thetimes.co.uk,Russia,219.233.144.26
132,Paul,Stevens,pstevens3n@ft.com,Venezuela,192.53.57.34
133,Sara,Berry,sberry3o@google.com.br,Morocco,100.50.246.65
134,Donald,Stanley,dstanley3p@google.fr,Portugal,7.236.221.157
135,Kathy,Edwards,kedwards3q@foxnews.com,China,46.119.251.63
136,Billy,Parker,bparker3r@ocn.ne.jp,Philippines,242.90.131.220
137,Patricia,Bryant,pbryant3s@elpais.com,Indonesia,171.106.142.252
138,Ryan,Greene,rgreene3t@printfriendly.com,France,244.97.121.10
139,Roy,Ruiz,rruiz3u@nbcnews.com,France,51.234.24.108
140,Helen,Snyder,hsnyder3v@google.com.au,South Africa,93.179.229.192
141,Jean,Frazier,jfrazier3w@pcworld.com,Mongolia,199.78.222.51
142,Jose,Carpenter,jcarpenter3x@senate.gov,Dominican Republic,83.19.146.103
143,Walter,Ruiz,wruiz3y@bbb.org,China,180.100.88.16
144,Christopher,Welch,cwelch3z@google.de,Burkina Faso,152.195.254.97
145,William,Ryan,wryan40@moonfruit.com,Canada,174.6.124.29
146,Frances,Lynch,flynch41@mac.com,Portugal,130.232.143.219
147,Chris,Ward,cward42@ning.com,Philippines,19.52.33.43
148,Bobby,Payne,bpayne43@abc.net.au,Togo,192.143.168.193
149,Patrick,Moreno,pmoreno44@cbslocal.com,Belarus,88.84.85.59
150,Karen,Carpenter,kcarpenter45@economist.com,Indonesia,73.141.65.204
151,Melissa,Moore,mmoore46@state.tx.us,Indonesia,30.182.27.202
152,Laura,Butler,lbutler47@chicagotribune.com,Yemen,27.191.160.168
153,Kenneth,Simmons,ksimmons48@nsw.gov.au,Sweden,139.23.218.67
154,Louis,Kelly,lkelly49@clickbank.net,China,212.140.11.213
155,Amy,Fisher,afisher4a@friendfeed.com,Sweden,13.187.109.206
156,Edward,Olson,eolson4b@blogspot.com,Nigeria,117.156.110.100
157,Arthur,Riley,ariley4c@webnode.com,Philippines,143.52.159.110
158,Cheryl,Fisher,cfisher4d@webs.com,China,251.155.38.59
159,Lois,Kennedy,lkennedy4e@wunderground.com,Bulgaria,111.44.192.89
160,Wayne,Bryant,wbryant4f@miibeian.gov.cn,Poland,188.239.250.194
161,John,Stanley,jstanley4g@fema.gov,Indonesia,0.217.126.114
162,Christopher,Ford,cford4h@amazon.co.uk,Croatia,237.171.159.223
163,Sandra,Garza,sgarza4i@icio.us,Indonesia,87.165.119.141
164,Jessica,Kelly,jkelly4j@google.ru,Guatemala,230.143.174.229
165,Deborah,Adams,dadams4k@examiner.com,Russia,185.188.121.166
166,Marilyn,Pierce,mpierce4l@fema.gov,Zambia,188.181.255.184
167,Walter,Tucker,wtucker4m@discuz.net,Germany,254.9.22.25
168,Howard,Fowler,hfowler4n@free.fr,Sweden,235.85.148.218
169,Ann,Myers,amyers4o@arizona.edu,Anguilla,114.250.247.221
170,Martin,Cooper,mcooper4p@smh.com.au,Malawi,170.26.93.130
171,Jean,Chavez,jchavez4q@mac.com,Sudan,115.201.207.19
172,Edward,Ramos,eramos4r@theguardian.com,Canada,42.108.60.148
173,Fred,Peters,fpeters4s@vimeo.com,Indonesia,111.102.58.203
174,Todd,Henry,thenry4t@psu.edu,Indonesia,131.152.199.174
175,Nicholas,Chapman,nchapman4u@netscape.com,Afghanistan,174.137.69.178
176,Lois,Williams,lwilliams4v@salon.com,Philippines,149.144.65.195
177,Joshua,Harris,jharris4w@goodreads.com,Brazil,165.105.79.45
178,Catherine,Garza,cgarza4x@bloomberg.com,China,94.2.105.101
179,Alice,Snyder,asnyder4y@ftc.gov,Croatia,184.94.210.153
180,Virginia,Cunningham,vcunningham4z@rambler.ru,Mexico,204.56.76.140
181,Nicole,Phillips,nphillips50@studiopress.com,Greece,250.81.137.128
182,Raymond,Davis,rdavis51@japanpost.jp,Sweden,187.96.230.16
183,Steven,Jones,sjones52@rakuten.co.jp,Ghana,177.19.158.112
184,Elizabeth,George,egeorge53@technorati.com,Indonesia,185.194.227.172
185,Bobby,Lawrence,blawrence54@jiathis.com,China,88.203.142.169
186,Amanda,Turner,aturner55@myspace.com,Thailand,101.22.62.89
187,Jack,Jacobs,jjacobs56@deviantart.com,Brazil,144.37.81.200
188,Carol,Burton,cburton57@digg.com,China,13.175.31.52
189,Russell,Medina,rmedina58@nyu.edu,Brazil,161.164.70.93
190,Julie,Little,jlittle59@samsung.com,Indonesia,148.14.75.72
191,Dennis,Jacobs,djacobs5a@csmonitor.com,Greece,167.130.227.71
192,Lois,Austin,laustin5b@wikimedia.org,China,122.22.144.52
193,Carl,Medina,cmedina5c@flickr.com,Mongolia,130.229.92.169
194,Lawrence,Lee,llee5d@reddit.com,China,13.77.154.241
195,Brandon,Davis,bdavis5e@rakuten.co.jp,Philippines,138.116.216.224
196,Adam,Morrison,amorrison5f@about.com,Brazil,160.187.200.171
197,Jennifer,Wallace,jwallace5g@bloglovin.com,Portugal,136.253.255.204
198,Larry,Schmidt,lschmidt5h@sitemeter.com,Cyprus,226.83.73.77
199,Jacqueline,Garrett,jgarrett5i@squarespace.com,Guatemala,26.244.186.140
200,Emily,Olson,eolson5j@ca.gov,Indonesia,234.156.236.173
201,Scott,Bradley,sbradley5k@patch.com,Russia,239.44.139.36
202,Kathryn,Wheeler,kwheeler5l@uol.com.br,China,198.211.255.171
203,Anthony,Ellis,aellis5m@addthis.com,Portugal,188.128.119.121
204,Melissa,Phillips,mphillips5n@clickbank.net,China,3.125.59.23
205,Christina,Miller,cmiller5o@ezinearticles.com,Peru,151.50.182.35
206,Howard,Graham,hgraham5p@geocities.com,China,55.53.104.249
207,Frances,Gonzales,fgonzales5q@i2i.jp,Belgium,60.163.74.217
208,Jennifer,Wilson,jwilson5r@feedburner.com,China,91.213.207.100
209,Jane,Parker,jparker5s@wix.com,Philippines,180.21.69.77
210,Benjamin,Williams,bwilliams5t@pinterest.com,Russia,80.148.176.10
211,Kenneth,Lane,klane5u@pbs.org,Greece,58.64.77.8
212,Albert,White,awhite5v@miibeian.gov.cn,China,60.28.70.219
213,Wayne,Wood,wwood5w@usda.gov,China,125.84.157.24
214,Stephen,Lawrence,slawrence5x@berkeley.edu,Russia,87.243.92.88
215,Rebecca,Hunt,rhunt5y@businessinsider.com,Indonesia,110.0.77.98
216,Carolyn,Morgan,cmorgan5z@webs.com,Japan,35.22.99.125
217,Rebecca,Perez,rperez60@bloomberg.com,Argentina,18.180.127.73
218,Albert,Cole,acole61@list-manage.com,China,101.47.210.204
219,Christine,Arnold,carnold62@imdb.com,Burundi,82.82.206.49
220,Melissa,Gardner,mgardner63@yahoo.com,China,96.158.81.211
221,Judith,Robertson,jrobertson64@amazon.com,Brazil,103.94.70.36
222,Alice,Kennedy,akennedy65@amazon.co.uk,Russia,70.9.77.152
223,Elizabeth,Henry,ehenry66@webmd.com,United States,126.222.208.55
224,Judith,Taylor,jtaylor67@php.net,Germany,239.186.10.98
225,Jeffrey,Fox,jfox68@dailymail.co.uk,Vietnam,5.253.116.0
226,Michelle,Williamson,mwilliamson69@google.ru,Afghanistan,223.44.175.185
227,Jimmy,Parker,jparker6a@imgur.com,Norway,187.144.206.150
228,Andrea,Day,aday6b@taobao.com,Albania,202.98.104.15
229,Douglas,Romero,dromero6c@amazon.co.jp,Mexico,134.175.4.167
230,James,Richardson,jrichardson6d@ehow.com,Azerbaijan,148.168.21.107
231,Mildred,Green,mgreen6e@scribd.com,China,141.82.23.119
232,Sean,Woods,swoods6f@yelp.com,Vietnam,189.42.64.101
233,Bobby,Collins,bcollins6g@simplemachines.org,China,249.226.149.254
234,Julia,Hill,jhill6h@wix.com,Austria,233.141.27.21
235,Rebecca,Turner,rturner6i@columbia.edu,China,146.169.154.239
236,Shawn,Ray,sray6j@nps.gov,Czech Republic,75.150.18.80
237,Adam,Reyes,areyes6k@comcast.net,Poland,195.136.85.2
238,Jennifer,Riley,jriley6l@hatena.ne.jp,Russia,253.60.119.207
239,Russell,Lawson,rlawson6m@sun.com,China,205.134.203.0
240,Keith,Riley,kriley6n@istockphoto.com,Indonesia,208.243.244.200
241,Sara,Peters,speters6o@gmpg.org,China,145.81.86.51
242,Jane,Washington,jwashington6p@jugem.jp,Portugal,176.190.153.61
243,Annie,Murray,amurray6q@auda.org.au,Colombia,75.89.31.73
244,Kathleen,Hudson,khudson6r@uiuc.edu,Greece,230.70.19.218
245,Jessica,Green,jgreen6s@desdev.cn,China,188.44.95.52
246,Susan,Morales,smorales6t@loc.gov,Brazil,151.234.213.6
247,Melissa,Porter,mporter6u@state.tx.us,Indonesia,37.133.129.209
248,Carol,Barnes,cbarnes6v@themeforest.net,China,202.100.33.157
249,Rebecca,West,rwest6w@eventbrite.com,Japan,1.209.138.195
250,Kathy,Kim,kkim6x@oracle.com,Brazil,65.76.234.248
251,Evelyn,Hicks,ehicks6y@squarespace.com,China,249.158.109.2
252,Peter,Harvey,pharvey6z@yahoo.com,China,47.213.95.138
253,Kathleen,Jones,kjones70@cbc.ca,Cuba,163.214.150.240
254,Scott,Hart,shart71@harvard.edu,China,162.218.101.179
255,Walter,Turner,wturner72@loc.gov,Indonesia,240.208.34.105
256,Jeffrey,Moore,jmoore73@nationalgeographic.com,Germany,220.163.18.161
257,Linda,Martin,lmartin74@printfriendly.com,Thailand,253.113.61.111
258,Peter,Wheeler,pwheeler75@cargocollective.com,United States,166.143.201.241
259,Andrew,Montgomery,amontgomery76@mail.ru,China,154.76.213.112
260,Ralph,Hughes,rhughes77@fema.gov,Indonesia,112.115.175.245
261,Dennis,Cook,dcook78@webeden.co.uk,China,240.152.215.143
262,Ann,Chavez,achavez79@nasa.gov,New Zealand,146.133.123.11
263,Robert,Murphy,rmurphy7a@ning.com,China,162.161.86.23
264,Ronald,Thomas,rthomas7b@twitter.com,Philippines,236.159.84.243
265,Cynthia,Hamilton,chamilton7c@ehow.com,United States,185.77.199.204
266,Keith,Riley,kriley7d@theatlantic.com,China,229.58.80.224
267,Sara,Oliver,soliver7e@mayoclinic.com,Philippines,183.249.32.131
268,Tammy,Robertson,trobertson7f@constantcontact.com,Argentina,194.161.29.169
269,Sara,Thomas,sthomas7g@uiuc.edu,Ukraine,211.248.151.141
270,Annie,Thomas,athomas7h@netlog.com,China,25.254.87.85
271,Linda,Ross,lross7i@pbs.org,Cameroon,170.2.143.253
272,Juan,Payne,jpayne7j@huffingtonpost.com,China,144.232.166.117
273,Evelyn,Washington,ewashington7k@yahoo.co.jp,Greece,19.15.11.16
274,Todd,Harrison,tharrison7l@aboutads.info,Indonesia,72.193.240.192
275,Daniel,Nichols,dnichols7m@intel.com,Brazil,251.168.143.243
276,Tina,Fields,tfields7n@oracle.com,Mexico,115.188.255.151
277,Samuel,Morris,smorris7o@mtv.com,China,103.210.5.42
278,Janet,Romero,jromero7p@symantec.com,Poland,152.178.126.195
279,Robin,Larson,rlarson7q@hubpages.com,Bulgaria,171.82.206.251
280,Richard,Hawkins,rhawkins7r@ebay.co.uk,Portugal,197.37.248.15
281,Ann,Adams,aadams7s@typepad.com,Russia,255.253.140.236
282,Johnny,James,jjames7t@yahoo.com,Indonesia,32.244.53.41
283,John,Young,jyoung7u@paginegialle.it,Angola,75.211.182.178
284,Randy,Spencer,rspencer7v@sourceforge.net,Canada,50.47.154.169
285,Adam,Roberts,aroberts7w@craigslist.org,United States,43.53.218.41
286,Brandon,Fernandez,bfernandez7x@yale.edu,China,235.18.105.118
287,Brian,Wood,bwood7y@about.me,Brazil,142.95.36.207
288,Randy,Williamson,rwilliamson7z@earthlink.net,Tanzania,226.176.103.90
289,Carol,Perkins,cperkins80@friendfeed.com,Russia,12.88.98.83
290,Teresa,Jackson,tjackson81@cmu.edu,Indonesia,12.123.25.176
291,George,Murray,gmurray82@networkadvertising.org,China,220.218.138.140
292,Phillip,Weaver,pweaver83@toplist.cz,Cameroon,236.104.10.206
293,Frances,Evans,fevans84@goodreads.com,Kyrgyzstan,247.2.119.199
294,Janet,Martin,jmartin85@blogtalkradio.com,Ukraine,84.104.73.215
295,Jacqueline,Hicks,jhicks86@1688.com,Russia,87.22.202.191
296,Stephen,Andrews,sandrews87@mozilla.com,Philippines,113.99.99.242
297,Jesse,Kennedy,jkennedy88@wikimedia.org,Russia,122.183.38.244
298,Keith,Hayes,khayes89@kickstarter.com,Malaysia,134.213.1.134
299,Thomas,Martinez,tmartinez8a@smh.com.au,China,186.240.29.119
300,Carolyn,Fowler,cfowler8b@google.es,Ukraine,145.172.96.154
301,Deborah,Simmons,dsimmons8c@addtoany.com,China,210.207.179.206
302,Jose,Perkins,jperkins8d@vimeo.com,Argentina,146.242.160.79
303,Billy,Holmes,bholmes8e@clickbank.net,China,191.218.121.31
304,Jean,Jones,jjones8f@cisco.com,Argentina,62.34.29.131
305,Jane,Peters,jpeters8g@bbc.co.uk,South Africa,48.64.249.196
306,Marilyn,Diaz,mdiaz8h@51.la,China,45.109.100.214
307,Stephanie,Bowman,sbowman8i@typepad.com,China,206.171.241.228
308,Sean,Sanders,ssanders8j@sfgate.com,China,95.103.34.0
309,Roy,Ramos,rramos8k@alexa.com,Philippines,214.71.43.238
310,Samuel,Martinez,smartinez8l@angelfire.com,China,246.224.218.217
311,Todd,Stephens,tstephens8m@mashable.com,Indonesia,225.56.226.58
312,Judith,Bowman,jbowman8n@paginegialle.it,Argentina,202.21.202.201
313,Jesse,Foster,jfoster8o@buzzfeed.com,Poland,139.81.175.176
314,Anna,Burton,aburton8p@weather.com,Russia,203.58.245.136
315,Howard,Ramirez,hramirez8q@youku.com,China,15.160.173.201
316,Cynthia,Powell,cpowell8r@paginegialle.it,United States,112.210.68.162
317,Jack,Burton,jburton8s@earthlink.net,Canada,10.213.42.112
318,Chris,Wagner,cwagner8t@gnu.org,Philippines,17.96.206.75
319,Bonnie,Weaver,bweaver8u@google.com.au,China,52.110.149.245
320,Patrick,Washington,pwashington8v@constantcontact.com,Russia,202.25.234.71
321,Carl,Daniels,cdaniels8w@indiegogo.com,Canada,0.64.192.67
322,Christopher,Kim,ckim8x@yellowbook.com,Mongolia,3.146.48.252
323,William,Carpenter,wcarpenter8y@cbsnews.com,United States,78.10.220.124
324,Betty,Frazier,bfrazier8z@ftc.gov,Philippines,222.187.165.11
325,Alice,Wood,awood90@delicious.com,Indonesia,181.225.182.51
326,Susan,Arnold,sarnold91@angelfire.com,Sint Maarten,118.80.218.126
327,Martha,Jordan,mjordan92@cbslocal.com,Faroe Islands,199.190.2.59
328,Susan,Stephens,sstephens93@yandex.ru,Mauritania,203.119.202.230
329,Donna,Castillo,dcastillo94@lycos.com,China,159.163.36.121
330,Jeffrey,Clark,jclark95@flavors.me,Peru,10.39.98.27
331,Jesse,Wallace,jwallace96@i2i.jp,Indonesia,187.209.141.35
332,Lawrence,Marshall,lmarshall97@mapquest.com,Argentina,131.32.51.163
333,Wanda,Hawkins,whawkins98@umn.edu,Greece,69.53.116.146
334,Anne,Bishop,abishop99@sohu.com,Philippines,152.23.212.218
335,Chris,Tucker,ctucker9a@discuz.net,Rwanda,255.229.250.18
336,Rachel,Owens,rowens9b@google.cn,Brazil,109.211.38.218
337,Mark,Dean,mdean9c@usa.gov,China,189.15.223.132
338,Andrea,Dunn,adunn9d@accuweather.com,China,183.155.32.39
339,Beverly,Sanchez,bsanchez9e@over-blog.com,China,174.191.54.242
340,Carlos,Flores,cflores9f@cdbaby.com,Russia,170.149.141.27
341,Richard,Warren,rwarren9g@usgs.gov,China,40.182.81.40
342,Randy,Dean,rdean9h@google.fr,Poland,88.246.104.0
343,Keith,Roberts,kroberts9i@ihg.com,Russia,190.55.196.163
344,Kathy,Burns,kburns9j@hugedomains.com,Sweden,20.78.193.69
345,Debra,Mccoy,dmccoy9k@google.ca,Martinique,40.74.52.147
346,Craig,Lopez,clopez9l@miibeian.gov.cn,Russia,122.46.176.0
347,Ruby,Kim,rkim9m@blogger.com,Philippines,138.203.0.63
348,Tina,Smith,tsmith9n@canalblog.com,Norway,146.216.236.138
349,Brian,Fisher,bfisher9o@zdnet.com,China,79.13.14.43
350,Sara,Gordon,sgordon9p@weather.com,Brazil,91.97.188.238
351,Diana,Austin,daustin9q@google.de,United States,59.128.170.251
352,Lawrence,Roberts,lroberts9r@ft.com,United States,15.221.175.60
353,Joyce,Hayes,jhayes9s@nsw.gov.au,Mexico,207.142.55.212
354,Amy,Scott,ascott9t@loc.gov,Zimbabwe,245.187.123.62
355,James,Rice,jrice9u@php.net,China,145.61.32.155
356,Thomas,Bennett,tbennett9v@shinystat.com,Thailand,29.51.22.97
357,Elizabeth,Phillips,ephillips9w@plala.or.jp,China,165.14.15.133
358,Anthony,Collins,acollins9x@livejournal.com,Indonesia,255.55.77.239
359,Karen,Ray,kray9y@51.la,China,172.167.230.86
360,Stephanie,Stephens,sstephens9z@booking.com,Portugal,121.217.107.244
361,Margaret,Mason,mmasona0@google.de,Mexico,228.213.233.51
362,Sean,Mason,smasona1@nsw.gov.au,Brazil,66.40.203.65
363,Ryan,Graham,rgrahama2@about.com,Philippines,160.176.76.209
364,Frank,Matthews,fmatthewsa3@lycos.com,Brazil,82.53.80.138
365,Virginia,Fuller,vfullera4@nature.com,China,131.87.231.121
366,Kelly,Ford,kforda5@g.co,Indonesia,46.192.171.199
367,Jason,Evans,jevansa6@aboutads.info,Indonesia,154.244.85.150
368,Louise,Harrison,lharrisona7@wikipedia.org,Albania,157.70.162.128
369,Willie,Spencer,wspencera8@ibm.com,Portugal,87.233.98.196
370,Gerald,Richards,grichardsa9@geocities.jp,China,44.116.40.181
371,Alan,Ortiz,aortizaa@soup.io,Georgia,147.67.129.68
372,Earl,Chavez,echavezab@ameblo.jp,Yemen,153.127.205.46
373,Rebecca,Porter,rporterac@ezinearticles.com,Lebanon,35.215.39.68
374,Louise,Ward,lwardad@yellowpages.com,China,189.235.29.221
375,Robin,Vasquez,rvasquezae@shareasale.com,Argentina,2.234.159.64
376,Joshua,Lawrence,jlawrenceaf@sogou.com,France,254.226.206.122
377,Amy,Lane,alaneag@dot.gov,France,38.62.226.108
378,Margaret,Jordan,mjordanah@over-blog.com,Spain,176.49.226.157
379,Beverly,Ortiz,bortizai@noaa.gov,Nigeria,241.223.22.98
380,Shawn,Larson,slarsonaj@moonfruit.com,Ethiopia,40.105.180.252
381,Heather,Snyder,hsnyderak@indiatimes.com,Russia,140.79.4.36
382,Kelly,Day,kdayal@psu.edu,Argentina,77.237.83.250
383,Deborah,Mason,dmasonam@hc360.com,Albania,17.201.118.62
384,Joe,Richards,jrichardsan@icio.us,Indonesia,107.169.20.184
385,Irene,Rogers,irogersao@harvard.edu,Tunisia,187.54.127.138
386,Sharon,Holmes,sholmesap@businesswire.com,Indonesia,32.164.123.182
387,Jimmy,Mills,jmillsaq@github.io,Egypt,248.151.51.143
388,Joseph,Hicks,jhicksar@cnet.com,Indonesia,129.11.73.8
389,Daniel,Green,dgreenas@spotify.com,Philippines,41.220.9.204
390,David,Gray,dgrayat@stanford.edu,Canada,4.223.124.100
391,Jesse,Henry,jhenryau@springer.com,Sweden,230.124.214.54
392,Craig,Cox,ccoxav@fastcompany.com,China,131.44.207.204
393,Charles,Hansen,chansenaw@google.com.hk,Thailand,147.250.208.101
394,Christopher,Hunt,chuntax@posterous.com,China,193.54.72.206
395,Patrick,Bishop,pbishopay@people.com.cn,Indonesia,233.12.185.183
396,Douglas,Palmer,dpalmeraz@instagram.com,Sweden,190.25.138.149
397,Edward,Brown,ebrownb0@prnewswire.com,Philippines,36.245.127.153
398,Philip,Miller,pmillerb1@yahoo.com,Macedonia,215.167.90.63
399,Johnny,Palmer,jpalmerb2@bloglovin.com,Indonesia,117.95.230.35
400,Jennifer,Gonzales,jgonzalesb3@edublogs.org,China,187.191.122.142
401,Christine,Gonzales,cgonzalesb4@addthis.com,Afghanistan,162.124.9.103
402,Charles,King,ckingb5@businessinsider.com,China,81.130.138.67
403,Ernest,Andrews,eandrewsb6@yahoo.co.jp,Poland,50.85.97.7
404,Katherine,Shaw,kshawb7@desdev.cn,China,255.136.125.178
405,Angela,Bradley,abradleyb8@google.ru,Philippines,10.121.244.183
406,Phillip,Alexander,palexanderb9@miitbeian.gov.cn,Portugal,69.36.180.162
407,Benjamin,Reed,breedba@multiply.com,Indonesia,118.203.93.165
408,Bonnie,Jones,bjonesbb@psu.edu,Kazakhstan,203.187.250.115
409,Michelle,Turner,mturnerbc@howstuffworks.com,Indonesia,27.204.21.152
410,Sean,Rodriguez,srodriguezbd@hostgator.com,Poland,0.96.48.4
411,Eric,Day,edaybe@oakley.com,Brazil,120.240.87.68
412,Sara,Gardner,sgardnerbf@people.com.cn,Liechtenstein,143.181.140.223
413,Chris,Burke,cburkebg@yandex.ru,Belarus,116.149.232.147
414,Bruce,Graham,bgrahambh@ucoz.com,Russia,12.237.132.35
415,Lillian,Ross,lrossbi@chicagotribune.com,China,175.248.18.20
416,Andrew,Rodriguez,arodriguezbj@devhub.com,China,72.104.176.57
417,Brenda,Phillips,bphillipsbk@opensource.org,Indonesia,7.58.200.229
418,Lori,Carpenter,lcarpenterbl@ebay.com,China,64.154.151.197
419,Howard,Nguyen,hnguyenbm@shareasale.com,China,106.56.177.93
420,Chris,Turner,cturnerbn@mit.edu,Serbia,98.206.73.81
421,Maria,King,mkingbo@discovery.com,Japan,4.204.198.194
422,Russell,Andrews,randrewsbp@deliciousdays.com,Russia,31.24.165.220
423,Wanda,Kim,wkimbq@prweb.com,Indonesia,250.93.75.220
424,Billy,Castillo,bcastillobr@fotki.com,Philippines,150.182.102.204
425,Jeremy,Collins,jcollinsbs@timesonline.co.uk,Sweden,96.75.219.2
426,Jimmy,Chapman,jchapmanbt@si.edu,China,81.189.75.90
427,Martin,Marshall,mmarshallbu@opensource.org,Brazil,131.74.144.6
428,Carol,Jones,cjonesbv@zdnet.com,Serbia,239.160.64.47
429,Charles,Burke,cburkebw@wsj.com,Japan,199.155.64.244
430,Lois,Myers,lmyersbx@msu.edu,Cuba,41.215.56.104
431,Jimmy,Mason,jmasonby@princeton.edu,China,170.134.250.45
432,Carolyn,Greene,cgreenebz@abc.net.au,Argentina,229.104.54.102
433,Deborah,Chapman,dchapmanc0@theglobeandmail.com,Indonesia,176.171.44.65
434,Karen,Andrews,kandrewsc1@hud.gov,Indonesia,12.12.191.120
435,Paul,Mitchell,pmitchellc2@google.com.hk,Indonesia,157.222.85.26
436,Steve,Moreno,smorenoc3@dot.gov,Malaysia,147.207.245.59
437,Carl,Harper,charperc4@ask.com,Philippines,0.203.153.116
438,Louise,Carroll,lcarrollc5@hugedomains.com,France,161.8.38.80
439,Laura,Hamilton,lhamiltonc6@dot.gov,Greece,24.182.65.152
440,Jack,Bishop,jbishopc7@nps.gov,Indonesia,241.127.16.134
441,Shirley,Graham,sgrahamc8@theguardian.com,Brazil,25.33.62.98
442,Sandra,Fuller,sfullerc9@networksolutions.com,Nigeria,128.149.14.247
443,Paul,Porter,pporterca@pbs.org,Cuba,117.170.136.162
444,Susan,Smith,ssmithcb@reddit.com,Indonesia,14.175.42.244
445,Kathryn,Sanchez,ksanchezcc@fotki.com,Poland,101.226.120.42
446,Louise,Ortiz,lortizcd@elpais.com,Argentina,106.34.44.22
447,Adam,Rogers,arogersce@goo.ne.jp,Indonesia,179.191.133.26
448,Carlos,Kelley,ckelleycf@skype.com,Panama,83.8.45.127
449,Steve,Armstrong,sarmstrongcg@nbcnews.com,Taiwan,234.185.15.22
450,Shirley,Wood,swoodch@merriam-webster.com,Mongolia,100.207.5.86
451,Susan,Reyes,sreyesci@cargocollective.com,Democratic Republic of the Congo,54.4.129.112
452,Karen,Howell,khowellcj@blogger.com,China,210.61.198.147
453,Kathleen,Nichols,knicholsck@nydailynews.com,Poland,196.56.38.20
454,Randy,Foster,rfostercl@indiegogo.com,Ukraine,48.202.152.98
455,Diane,Garrett,dgarrettcm@taobao.com,Bolivia,189.17.43.204
456,Lisa,Martinez,lmartinezcn@sbwire.com,China,177.27.117.225
457,Philip,Gonzales,pgonzalesco@freewebs.com,Hungary,62.138.188.166
458,Susan,Olson,solsoncp@lulu.com,France,115.8.107.124
459,Bonnie,Reid,breidcq@wikipedia.org,Mexico,158.93.88.61
460,Cheryl,Gomez,cgomezcr@goodreads.com,China,168.84.99.93
461,Antonio,Daniels,adanielscs@a8.net,Thailand,111.172.29.184
462,Edward,Lawson,elawsonct@gravatar.com,Greece,10.65.83.60
463,Jonathan,Hamilton,jhamiltoncu@diigo.com,China,113.208.202.93
464,Michelle,Castillo,mcastillocv@nih.gov,China,79.113.249.101
465,Evelyn,Ross,erosscw@usnews.com,Philippines,204.198.191.47
466,Harold,Lawson,hlawsoncx@symantec.com,Cyprus,57.229.120.216
467,Walter,Warren,wwarrency@webnode.com,Myanmar,238.163.98.25
468,Russell,Hamilton,rhamiltoncz@sina.com.cn,Ukraine,159.199.74.75
469,Louis,Fowler,lfowlerd0@tuttocitta.it,China,235.102.64.55
470,Ruby,Morales,rmoralesd1@hhs.gov,Ukraine,255.176.54.106
471,Beverly,Morrison,bmorrisond2@slashdot.org,Ukraine,191.148.45.95
472,Ruth,Dean,rdeand3@list-manage.com,China,234.203.229.74
473,Willie,Harris,wharrisd4@symantec.com,Brazil,176.54.222.32
474,Benjamin,Hanson,bhansond5@sohu.com,Indonesia,109.155.188.103
475,Shirley,Medina,smedinad6@prweb.com,Czech Republic,103.97.135.48
476,Jimmy,Ellis,jellisd7@stumbleupon.com,Bulgaria,65.223.111.39
477,Diana,Duncan,dduncand8@spiegel.de,China,230.145.143.252
478,Sharon,Fowler,sfowlerd9@indiegogo.com,Macedonia,93.128.218.241
479,Jeffrey,Alvarez,jalvarezda@answers.com,China,197.80.122.206
480,Kathy,Romero,kromerodb@dion.ne.jp,Poland,115.56.193.62
481,Sandra,Freeman,sfreemandc@eventbrite.com,Indonesia,178.110.87.220
482,Douglas,Murphy,dmurphydd@blogs.com,Portugal,135.149.43.150
483,Frances,Morgan,fmorgande@ebay.com,Brazil,112.35.146.102
484,Judith,Vasquez,jvasquezdf@tripadvisor.com,Indonesia,237.234.189.149
485,Harry,Hughes,hhughesdg@facebook.com,Mongolia,188.255.166.102
486,Billy,Schmidt,bschmidtdh@linkedin.com,Brazil,80.244.221.84
487,Bonnie,Cooper,bcooperdi@apple.com,Dominican Republic,43.36.26.185
488,Jesse,Lee,jleedj@bbc.co.uk,China,134.52.159.93
489,Joseph,Gutierrez,jgutierrezdk@cornell.edu,Brazil,78.53.199.17
490,Juan,Wallace,jwallacedl@last.fm,Kiribati,68.140.208.238
491,Melissa,Franklin,mfranklindm@mlb.com,Brazil,37.33.5.189
492,George,Harper,gharperdn@foxnews.com,China,54.51.44.106
493,Timothy,Jones,tjonesdo@bing.com,Peru,155.176.58.188
494,Julie,Lopez,jlopezdp@comsenz.com,Thailand,49.136.24.120
495,Eugene,Austin,eaustindq@clickbank.net,Peru,1.220.50.63
496,Christine,Ortiz,cortizdr@mashable.com,China,14.195.118.179
497,Keith,Morales,kmoralesds@comsenz.com,China,186.242.135.125
498,Phyllis,Morris,pmorrisdt@pinterest.com,Poland,92.205.18.190
499,Ernest,Williamson,ewilliamsondu@about.me,Japan,248.170.158.170
500,Carol,Morrison,cmorrisondv@biglobe.ne.jp,Colombia,96.87.245.242
501,Billy,Jackson,bjacksondw@fastcompany.com,China,23.45.11.91
502,Alice,Jenkins,ajenkinsdx@yellowbook.com,Bangladesh,183.149.88.14
503,Johnny,Alvarez,jalvarezdy@biblegateway.com,China,136.125.120.141
504,Carolyn,Fernandez,cfernandezdz@howstuffworks.com,Nigeria,80.115.143.107
505,Carl,Weaver,cweavere0@apple.com,Micronesia,132.30.181.251
506,Matthew,Howell,mhowelle1@friendfeed.com,Russia,216.67.178.191
507,Mark,Hall,mhalle2@addtoany.com,Slovenia,175.24.146.0
508,Earl,Day,edaye3@infoseek.co.jp,China,144.153.81.34
509,Kenneth,George,kgeorgee4@npr.org,Czech Republic,160.159.8.231
510,Victor,Ross,vrosse5@dedecms.com,Hungary,81.159.30.109
511,Diana,Larson,dlarsone6@cyberchimps.com,South Korea,93.152.39.182
512,Harry,Gonzalez,hgonzaleze7@cornell.edu,China,239.98.84.150
513,Jerry,Ryan,jryane8@addthis.com,China,75.77.182.159
514,Roger,Fernandez,rfernandeze9@topsy.com,Peru,187.185.228.206
515,Antonio,Brown,abrownea@samsung.com,China,242.251.69.248
516,Ruth,Wallace,rwallaceeb@google.nl,Thailand,154.163.182.7
517,Martin,James,mjamesec@yellowbook.com,Portugal,39.12.75.249
518,Nancy,Hicks,nhicksed@vinaora.com,Cape Verde,162.4.229.47
519,Patricia,King,pkingee@icq.com,Russia,223.88.8.105
520,Samuel,Fields,sfieldsef@japanpost.jp,Philippines,216.88.47.111
521,Robert,Montgomery,rmontgomeryeg@blogger.com,Honduras,128.188.38.108
522,Charles,Peters,cpeterseh@jiathis.com,Paraguay,98.171.143.185
523,Kelly,Banks,kbanksei@indiatimes.com,Colombia,163.89.66.109
524,Billy,Wright,bwrightej@reddit.com,Poland,160.247.241.81
525,Carlos,Murphy,cmurphyek@miitbeian.gov.cn,China,224.135.74.227
526,Debra,Parker,dparkerel@ucsd.edu,Greece,95.234.121.135
527,Juan,Morales,jmoralesem@sohu.com,Bolivia,110.9.246.112
528,Nancy,Harrison,nharrisonen@army.mil,China,192.128.141.255
529,Larry,Butler,lbutlereo@wunderground.com,Uzbekistan,200.213.179.36
530,Gloria,Bradley,gbradleyep@geocities.jp,China,196.127.6.80
531,Henry,Baker,hbakereq@hc360.com,China,1.214.88.146
532,Douglas,Harper,dharperer@walmart.com,Panama,71.80.195.90
533,Robert,Brown,rbrownes@reuters.com,China,4.25.246.70
534,Robin,Gordon,rgordonet@npr.org,Yemen,89.66.186.31
535,Lori,Bishop,lbishopeu@forbes.com,Georgia,241.75.78.146
536,Jennifer,Garza,jgarzaev@blinklist.com,Serbia,255.138.251.111
537,Anne,Stanley,astanleyew@ucoz.com,China,15.78.99.140
538,Aaron,Morris,amorrisex@dailymotion.com,Czech Republic,158.116.204.129
539,Justin,Kelley,jkelleyey@drupal.org,Russia,63.200.166.234
540,Roy,Frazier,rfrazierez@smh.com.au,Czech Republic,93.147.191.53
541,Shawn,Stewart,sstewartf0@desdev.cn,Brazil,38.238.177.105
542,Ralph,Howard,rhowardf1@engadget.com,Philippines,8.25.235.16
543,Judy,Gonzalez,jgonzalezf2@businessweek.com,Russia,162.114.206.158
544,Donald,Bowman,dbowmanf3@mlb.com,Brazil,102.12.5.213
545,Brandon,Hart,bhartf4@angelfire.com,Russia,11.164.209.35
546,Amy,Harrison,aharrisonf5@tamu.edu,France,201.155.56.110
547,Alice,Coleman,acolemanf6@twitpic.com,Russia,69.161.151.50
548,Sharon,Ramos,sramosf7@timesonline.co.uk,Indonesia,10.49.25.93
549,Benjamin,Kelley,bkelleyf8@redcross.org,France,102.131.219.16
550,Shirley,Lewis,slewisf9@independent.co.uk,Georgia,21.103.46.226
551,Laura,Jordan,ljordanfa@wikipedia.org,France,245.186.55.92
552,Matthew,Ward,mwardfb@cbsnews.com,Bulgaria,32.21.230.134
553,Eric,Willis,ewillisfc@jugem.jp,Venezuela,11.247.72.160
554,Tina,Nichols,tnicholsfd@shareasale.com,Portugal,93.119.148.245
555,Helen,White,hwhitefe@xrea.com,Canada,54.166.181.3
556,Steve,Dunn,sdunnff@senate.gov,Malaysia,145.255.59.234
557,Brandon,Richardson,brichardsonfg@hubpages.com,Russia,250.27.198.131
558,Annie,Henderson,ahendersonfh@pbs.org,Brazil,243.91.144.107
559,Martin,Austin,maustinfi@google.co.jp,United States,68.118.77.120
560,Marilyn,Reynolds,mreynoldsfj@cnn.com,Sweden,54.89.148.214
561,Bonnie,Fernandez,bfernandezfk@msn.com,China,223.146.81.7
562,Robin,Welch,rwelchfl@friendfeed.com,Venezuela,239.255.87.117
563,Johnny,Hernandez,jhernandezfm@opera.com,United States,82.69.140.64
564,Kathryn,Butler,kbutlerfn@typepad.com,Honduras,66.111.24.64
565,Martin,Richardson,mrichardsonfo@patch.com,Indonesia,192.111.191.175
566,Donald,Williamson,dwilliamsonfp@redcross.org,Mongolia,123.105.194.50
567,Evelyn,Woods,ewoodsfq@123-reg.co.uk,China,138.136.162.176
568,Cynthia,Lane,clanefr@ycombinator.com,Sweden,205.115.127.17
569,Cheryl,Black,cblackfs@booking.com,China,142.174.163.162
570,Karen,Burton,kburtonft@jimdo.com,Libya,248.123.4.156
571,Julie,Chapman,jchapmanfu@omniture.com,Mexico,163.208.105.196
572,Carolyn,Brown,cbrownfv@hexun.com,Montenegro,19.198.0.64
573,David,Reynolds,dreynoldsfw@netscape.com,China,38.133.107.8
574,Albert,Garrett,agarrettfx@myspace.com,Mexico,194.127.210.15
575,Andrew,Richards,arichardsfy@auda.org.au,Poland,55.67.73.92
576,Samuel,Torres,storresfz@gov.uk,Thailand,81.24.95.91
577,Maria,Walker,mwalkerg0@yahoo.co.jp,Indonesia,106.47.178.254
578,Sara,Hawkins,shawkinsg1@so-net.ne.jp,Croatia,11.196.54.194
579,Matthew,Mendoza,mmendozag2@gov.uk,Japan,110.60.146.189
580,Timothy,Moreno,tmorenog3@devhub.com,Indonesia,7.86.4.76
581,Barbara,Porter,bporterg4@unc.edu,Indonesia,38.134.143.198
582,Kelly,Fuller,kfullerg5@yellowpages.com,Chad,117.252.207.192
583,Kevin,Grant,kgrantg6@nyu.edu,Kazakhstan,161.223.62.184
584,Michelle,Wright,mwrightg7@1688.com,Mexico,246.24.164.235
585,Mildred,Jenkins,mjenkinsg8@prlog.org,Portugal,155.18.110.56
586,Louis,Reyes,lreyesg9@unicef.org,Honduras,132.121.95.221
587,Jeremy,Carr,jcarrga@smh.com.au,Kuwait,144.245.92.157
588,Kenneth,Green,kgreengb@behance.net,Poland,58.38.189.66
589,Irene,Graham,igrahamgc@pinterest.com,China,91.88.176.54
590,Frank,Morrison,fmorrisongd@psu.edu,China,142.83.95.77
591,Jonathan,Hansen,jhansenge@technorati.com,Serbia,244.59.16.29
592,Ryan,Smith,rsmithgf@nature.com,Thailand,219.175.174.219
593,Nicholas,Stone,nstonegg@uiuc.edu,Russia,25.58.152.60
594,Rachel,Nguyen,rnguyengh@technorati.com,Indonesia,77.177.78.212
595,Marie,Reynolds,mreynoldsgi@com.com,Canada,134.142.134.154
596,Sharon,Sanchez,ssanchezgj@fda.gov,China,190.191.10.17
597,Phillip,Hall,phallgk@reverbnation.com,Russia,105.142.37.51
598,Stephen,Gray,sgraygl@joomla.org,Serbia,10.109.132.177
599,Philip,Kelley,pkelleygm@un.org,Comoros,163.198.204.168
600,Gregory,Young,gyounggn@google.cn,Paraguay,186.224.109.51
601,Jean,Allen,jallengo@live.com,Kenya,197.113.85.129
602,Lori,Holmes,lholmesgp@deliciousdays.com,Indonesia,88.250.10.167
603,Susan,Wilson,swilsongq@cbslocal.com,China,147.21.229.124
604,Roger,Ross,rrossgr@boston.com,Portugal,115.104.226.137
605,Jeremy,Bailey,jbaileygs@wired.com,China,146.4.236.63
606,Lillian,Riley,lrileygt@simplemachines.org,Brazil,133.108.43.225
607,Eugene,Robinson,erobinsongu@bizjournals.com,Mexico,149.87.38.126
608,Diane,Bailey,dbaileygv@biglobe.ne.jp,Belarus,66.54.234.50
609,Gary,Webb,gwebbgw@opensource.org,Belarus,228.105.72.44
610,Steve,Murray,smurraygx@macromedia.com,Brazil,118.84.135.84
611,Marie,Moreno,mmorenogy@disqus.com,Indonesia,97.47.122.233
612,Ryan,Peters,rpetersgz@cbc.ca,Ukraine,134.78.140.20
613,Debra,Simpson,dsimpsonh0@wikia.com,Morocco,189.3.36.182
614,Jesse,Carter,jcarterh1@google.es,Japan,43.61.215.221
615,Kevin,Bell,kbellh2@patch.com,China,61.186.180.247
616,Irene,Hayes,ihayesh3@edublogs.org,Philippines,171.17.41.108
617,Dennis,Hayes,dhayesh4@engadget.com,Portugal,0.56.20.152
618,Paul,Allen,pallenh5@dot.gov,Ukraine,150.223.107.92
619,Jack,Gray,jgrayh6@businessinsider.com,Portugal,91.141.139.129
620,Judith,Jackson,jjacksonh7@studiopress.com,Poland,61.147.65.171
621,Shirley,Fernandez,sfernandezh8@behance.net,Poland,200.1.110.81
622,Virginia,Green,vgreenh9@last.fm,China,149.106.223.230
623,Jennifer,Schmidt,jschmidtha@redcross.org,China,184.43.58.238
624,Adam,Bennett,abennetthb@google.com,Indonesia,174.134.37.92
625,Marilyn,Nguyen,mnguyenhc@hc360.com,Poland,159.254.105.223
626,Frank,Mccoy,fmccoyhd@nationalgeographic.com,China,184.208.31.139
627,Judith,Stevens,jstevenshe@comsenz.com,Colombia,65.40.29.222
628,Wanda,White,wwhitehf@g.co,Poland,156.5.13.217
629,Shawn,Richardson,srichardsonhg@shareasale.com,Canada,240.155.57.66
630,Jeremy,Austin,jaustinhh@businessinsider.com,Indonesia,120.178.56.196
631,Donald,Ward,dwardhi@si.edu,Canada,224.219.232.63
632,Mark,Burke,mburkehj@whitehouse.gov,Thailand,218.20.15.215
633,Dennis,Ryan,dryanhk@nydailynews.com,France,186.49.47.84
634,Judith,Morales,jmoraleshl@paypal.com,China,163.28.20.251
635,Rachel,Weaver,rweaverhm@opera.com,China,147.19.161.169
636,Carl,Rose,crosehn@google.com.hk,China,194.78.84.106
637,Todd,Mitchell,tmitchellho@kickstarter.com,Vietnam,179.174.247.121
638,Sara,Lane,slanehp@instagram.com,China,198.165.127.136
639,Arthur,Bradley,abradleyhq@webs.com,Netherlands,84.109.252.151
640,Johnny,Perry,jperryhr@discovery.com,Indonesia,87.145.25.59
641,Debra,Olson,dolsonhs@zdnet.com,Morocco,106.45.93.110
642,Frances,Oliver,foliverht@tmall.com,Russia,234.48.39.90
643,Denise,Brown,dbrownhu@samsung.com,France,166.217.231.223
644,Rachel,Williams,rwilliamshv@blog.com,Bangladesh,205.28.164.21
645,Steve,Chavez,schavezhw@latimes.com,Sweden,71.212.35.252
646,Susan,Harris,sharrishx@woothemes.com,Indonesia,190.160.215.125
647,Harry,Marshall,hmarshallhy@g.co,China,100.191.163.66
648,Sarah,Daniels,sdanielshz@dmoz.org,China,163.163.93.250
649,David,Price,dpricei0@clickbank.net,Peru,231.113.17.24
650,Lawrence,Wells,lwellsi1@hibu.com,Macedonia,199.214.78.51
651,Irene,Hughes,ihughesi2@goodreads.com,Vietnam,235.151.85.100
652,Samuel,Dunn,sdunni3@hc360.com,Russia,95.46.189.83
653,Paula,Ruiz,pruizi4@globo.com,Finland,182.215.125.239
654,Jack,Howard,jhowardi5@forbes.com,Thailand,53.221.241.25
655,Howard,Ramos,hramosi6@sina.com.cn,Argentina,94.84.13.106
656,Ann,Jacobs,ajacobsi7@amazon.com,Brazil,237.248.12.251
657,Robert,Cox,rcoxi8@sakura.ne.jp,Dominican Republic,41.137.255.8
658,Rebecca,Andrews,randrewsi9@multiply.com,Indonesia,249.156.35.117
659,Judy,Hayes,jhayesia@nhs.uk,France,118.132.23.245
660,Deborah,Alvarez,dalvarezib@timesonline.co.uk,Pakistan,90.83.151.192
661,Christina,Powell,cpowellic@sphinn.com,China,35.252.179.137
662,Jose,Dixon,jdixonid@furl.net,China,69.125.139.82
663,Bonnie,Bennett,bbennettie@ocn.ne.jp,Indonesia,216.215.62.67
664,Randy,Shaw,rshawif@msu.edu,Albania,153.101.81.44
665,Evelyn,Wallace,ewallaceig@hubpages.com,Cambodia,253.206.239.27
666,Jane,Hill,jhillih@last.fm,China,206.233.4.225
667,Janet,Mccoy,jmccoyii@ihg.com,Indonesia,217.105.239.211
668,Jennifer,Murray,jmurrayij@wisc.edu,China,87.224.160.173
669,Justin,Scott,jscottik@discovery.com,China,64.18.47.74
670,Robert,Berry,rberryil@hugedomains.com,Argentina,117.1.175.145
671,Doris,Owens,dowensim@hubpages.com,Netherlands,223.246.216.33
672,Eugene,Ferguson,efergusonin@bing.com,China,215.16.196.74
673,Jeremy,Fox,jfoxio@arstechnica.com,France,106.171.64.218
674,Marie,Powell,mpowellip@elegantthemes.com,China,246.205.219.131
675,Adam,Stevens,astevensiq@dagondesign.com,Indonesia,102.72.41.184
676,Bruce,Rice,briceir@qq.com,Czech Republic,148.212.169.59
677,Rose,Day,rdayis@netscape.com,Indonesia,187.47.105.54
678,Stephanie,Phillips,sphillipsit@utexas.edu,Russia,210.10.192.159
679,William,Wheeler,wwheeleriu@arstechnica.com,China,103.62.240.214
680,Johnny,Morrison,jmorrisoniv@amazon.com,China,209.113.118.61
681,Douglas,Diaz,ddiaziw@barnesandnoble.com,Philippines,111.159.9.165
682,Anthony,Patterson,apattersonix@macromedia.com,Indonesia,187.4.127.191
683,Rebecca,Patterson,rpattersoniy@slate.com,Greece,20.74.161.119
684,Amy,Armstrong,aarmstrongiz@blogs.com,Mexico,112.38.148.12
685,Russell,Washington,rwashingtonj0@ameblo.jp,Poland,123.182.136.201
686,Keith,Andrews,kandrewsj1@over-blog.com,China,141.179.64.248
687,Sean,Knight,sknightj2@lulu.com,China,186.113.154.125
688,Emily,Young,eyoungj3@imageshack.us,Brazil,169.218.58.179
689,Jason,Montgomery,jmontgomeryj4@51.la,United States,88.89.148.223
690,Carl,Hudson,chudsonj5@bizjournals.com,Indonesia,222.248.61.84
691,Jacqueline,Moreno,jmorenoj6@addthis.com,China,27.169.229.5
692,Christopher,Davis,cdavisj7@theguardian.com,Portugal,43.199.254.136
693,Betty,Collins,bcollinsj8@google.ca,Russia,123.186.214.136
694,Ernest,Young,eyoungj9@ca.gov,Latvia,243.130.100.133
695,Alice,Simpson,asimpsonja@lulu.com,Brazil,29.142.72.76
696,Denise,Torres,dtorresjb@moonfruit.com,Morocco,110.152.106.117
697,Russell,Simmons,rsimmonsjc@example.com,China,111.109.173.113
698,Joseph,Jackson,jjacksonjd@blogs.com,China,65.61.3.180
699,Juan,Woods,jwoodsje@uol.com.br,China,206.139.234.213
700,Amanda,King,akingjf@google.es,United States,226.65.241.72
701,Fred,Kennedy,fkennedyjg@imgur.com,Argentina,124.124.190.213
702,Juan,Oliver,joliverjh@desdev.cn,Ukraine,221.104.189.216
703,Eugene,Miller,emillerji@last.fm,Canada,66.213.183.127
704,Katherine,Martin,kmartinjj@i2i.jp,Russia,208.189.217.67
705,Albert,Hunt,ahuntjk@discuz.net,Sweden,238.79.48.41
706,Linda,Lynch,llynchjl@unicef.org,Peru,8.250.254.249
707,Chris,Graham,cgrahamjm@wikispaces.com,Greece,185.119.139.169
708,Wayne,Hall,whalljn@cbsnews.com,Sweden,126.208.230.42
709,Dennis,Rose,drosejo@virginia.edu,Indonesia,129.43.183.209
710,Louise,Gardner,lgardnerjp@github.io,China,148.119.164.136
711,Gerald,Harris,gharrisjq@joomla.org,Vietnam,175.60.206.102
712,Jean,Flores,jfloresjr@time.com,Poland,81.236.105.178
713,Adam,Gibson,agibsonjs@flavors.me,Nigeria,67.89.144.69
714,Jennifer,Hughes,jhughesjt@reverbnation.com,Russia,213.94.19.156
715,William,Parker,wparkerju@blinklist.com,Poland,212.63.81.169
716,Barbara,Bryant,bbryantjv@mac.com,Philippines,56.135.194.182
717,Pamela,Rose,prosejw@linkedin.com,Tanzania,104.100.32.221
718,Sarah,Russell,srusselljx@diigo.com,China,133.85.158.21
719,Peter,Lawson,plawsonjy@baidu.com,Russia,223.166.39.171
720,Janice,Ramirez,jramirezjz@flickr.com,Colombia,216.34.128.57
721,Ruby,Hall,rhallk0@geocities.jp,Thailand,2.238.128.44
722,Virginia,Weaver,vweaverk1@artisteer.com,Czech Republic,148.103.188.158
723,Keith,Lawson,klawsonk2@apple.com,China,8.241.177.136
724,Bonnie,Hansen,bhansenk3@deviantart.com,Thailand,248.160.237.199
725,Daniel,Murray,dmurrayk4@eepurl.com,Indonesia,94.222.151.204
726,Donald,Boyd,dboydk5@furl.net,Bulgaria,251.63.124.160
727,Tina,Wood,twoodk6@istockphoto.com,China,124.45.229.120
728,Eugene,Stone,estonek7@engadget.com,Netherlands,112.182.116.66
729,Anthony,Woods,awoodsk8@toplist.cz,Russia,103.215.5.193
730,Pamela,Gutierrez,pgutierrezk9@disqus.com,Honduras,254.76.69.149
731,Sarah,Dean,sdeanka@engadget.com,Philippines,1.134.74.235
732,Brandon,Reynolds,breynoldskb@parallels.com,Sweden,223.159.225.23
733,Kenneth,Carter,kcarterkc@newyorker.com,Tokelau,136.51.85.116
734,Paul,Mcdonald,pmcdonaldkd@blogspot.com,Brazil,97.6.204.240
735,Aaron,Stevens,astevenske@webs.com,Brazil,200.133.169.135
736,Matthew,Reed,mreedkf@google.co.jp,Indonesia,251.168.156.119
737,Ruby,Nguyen,rnguyenkg@hud.gov,China,49.135.193.232
738,Walter,Grant,wgrantkh@unicef.org,Indonesia,27.253.33.181
739,Clarence,Miller,cmillerki@w3.org,Pakistan,135.74.199.139
740,Marie,Rogers,mrogerskj@google.fr,Czech Republic,42.84.170.126
741,Nancy,Olson,nolsonkk@bluehost.com,United Arab Emirates,230.132.40.43
742,Daniel,Burton,dburtonkl@mysql.com,China,34.67.151.123
743,Terry,Snyder,tsnyderkm@facebook.com,Brazil,169.71.92.138
744,Lisa,Gray,lgraykn@youtube.com,Colombia,253.160.113.97
745,Jeremy,Simmons,jsimmonsko@ucsd.edu,Indonesia,65.246.23.207
746,Jason,Bailey,jbaileykp@taobao.com,Brazil,20.0.86.116
747,Shirley,Henderson,shendersonkq@msn.com,Argentina,240.239.60.205
748,Bonnie,Reid,breidkr@google.co.jp,Dominican Republic,41.232.1.209
749,Samuel,Hunt,shuntks@taobao.com,Finland,190.104.224.117
750,Jerry,Burke,jburkekt@list-manage.com,China,142.34.20.148
751,Shawn,Riley,srileyku@macromedia.com,Russia,177.196.237.13
752,Earl,Freeman,efreemankv@abc.net.au,Thailand,223.18.46.41
753,Theresa,Mills,tmillskw@spiegel.de,Vietnam,214.134.199.174
754,Sandra,Stevens,sstevenskx@wix.com,Poland,106.61.112.73
755,Elizabeth,Watson,ewatsonky@photobucket.com,United States,133.218.81.142
756,Stephanie,Rodriguez,srodriguezkz@github.io,Canada,28.116.224.145
757,Victor,Cole,vcolel0@tuttocitta.it,Portugal,108.88.90.95
758,William,Lawson,wlawsonl1@pagesperso-orange.fr,Nepal,132.127.50.24
759,Scott,Turner,sturnerl2@shutterfly.com,China,182.145.137.45
760,Rachel,Turner,rturnerl3@adobe.com,China,117.244.246.107
761,Donald,Henderson,dhendersonl4@ox.ac.uk,Uganda,209.240.240.95
762,Johnny,Baker,jbakerl5@psu.edu,Brazil,29.26.80.200
763,Laura,Marshall,lmarshalll6@dropbox.com,China,226.16.245.113
764,Frank,Snyder,fsnyderl7@sciencedaily.com,Russia,27.38.143.204
765,Barbara,Hawkins,bhawkinsl8@wsj.com,Canada,2.112.239.26
766,Robin,James,rjamesl9@google.com.hk,China,188.123.27.16
767,Carolyn,Davis,cdavisla@fda.gov,Bolivia,251.161.137.167
768,Jose,Hernandez,jhernandezlb@csmonitor.com,Russia,10.213.232.53
769,Patricia,Sanders,psanderslc@apache.org,China,205.35.166.23
770,Harold,Long,hlongld@123-reg.co.uk,Palau,127.23.91.94
771,Kathleen,Taylor,ktaylorle@phpbb.com,Philippines,174.23.230.219
772,Linda,Olson,lolsonlf@google.fr,Pakistan,173.156.16.19
773,Andrew,Watson,awatsonlg@addtoany.com,Somalia,193.238.36.22
774,Jose,Rogers,jrogerslh@nps.gov,Chile,180.70.119.129
775,Maria,Tucker,mtuckerli@blogspot.com,China,54.153.20.25
776,Lawrence,Gonzales,lgonzaleslj@livejournal.com,Paraguay,145.59.165.47
777,Russell,Hanson,rhansonlk@live.com,China,35.5.114.114
778,Carlos,Wallace,cwallacell@ox.ac.uk,Sweden,35.9.36.250
779,Mark,Woods,mwoodslm@answers.com,Afghanistan,206.20.117.107
780,Joshua,Gray,jgrayln@theglobeandmail.com,Indonesia,139.80.12.196
781,Norma,Miller,nmillerlo@eepurl.com,China,61.37.156.115
782,Roger,Stone,rstonelp@tinypic.com,Cyprus,104.137.117.203
783,Russell,Banks,rbankslq@sun.com,Portugal,49.113.125.14
784,Lillian,Anderson,landersonlr@shop-pro.jp,China,73.239.43.32
785,Teresa,Fox,tfoxls@blogger.com,China,222.9.7.152
786,Kimberly,Spencer,kspencerlt@techcrunch.com,China,105.232.154.2
787,Sandra,Morales,smoraleslu@prweb.com,China,173.139.209.215
788,Debra,Collins,dcollinslv@desdev.cn,China,116.95.54.44
789,Joseph,Spencer,jspencerlw@wordpress.org,Indonesia,190.160.209.198
790,Sharon,Perez,sperezlx@fotki.com,Russia,137.97.207.15
791,George,Cruz,gcruzly@soundcloud.com,Poland,181.25.80.142
792,Jason,Bradley,jbradleylz@home.pl,Sierra Leone,75.123.211.215
793,Tammy,Hamilton,thamiltonm0@archive.org,Spain,19.65.40.242
794,Stephanie,Lane,slanem1@seesaa.net,China,45.16.46.128
795,Heather,Garrett,hgarrettm2@themeforest.net,Brazil,199.29.214.96
796,Arthur,Franklin,afranklinm3@theglobeandmail.com,China,55.121.17.97
797,Steve,Morris,smorrism4@prlog.org,Indonesia,145.36.73.15
798,Douglas,Matthews,dmatthewsm5@vimeo.com,France,189.55.46.8
799,Fred,Medina,fmedinam6@latimes.com,Indonesia,144.240.30.176
800,Dorothy,Snyder,dsnyderm7@vimeo.com,Afghanistan,104.112.32.44
801,Scott,Simmons,ssimmonsm8@harvard.edu,Palestinian Territory,223.161.249.94
802,Carlos,Gibson,cgibsonm9@twitpic.com,China,59.33.106.212
803,Thomas,Morrison,tmorrisonma@google.ru,United States,3.72.167.205
804,Keith,Ford,kfordmb@typepad.com,Japan,179.241.221.183
805,Steven,Frazier,sfraziermc@go.com,Russia,118.165.6.176
806,Donna,Spencer,dspencermd@tiny.cc,China,148.140.219.110
807,Martin,Ray,mrayme@netlog.com,South Africa,12.20.197.204
808,Thomas,Moreno,tmorenomf@mashable.com,Brazil,244.135.242.91
809,William,Meyer,wmeyermg@buzzfeed.com,Portugal,9.42.5.56
810,Judy,Rogers,jrogersmh@noaa.gov,Myanmar,28.237.190.222
811,James,Long,jlongmi@ted.com,Finland,145.225.57.7
812,Carlos,Green,cgreenmj@narod.ru,Ukraine,17.152.226.171
813,Benjamin,Fisher,bfishermk@omniture.com,China,186.217.141.91
814,James,Weaver,jweaverml@about.me,Senegal,21.196.130.143
815,Terry,Gutierrez,tgutierrezmm@eventbrite.com,China,86.147.132.185
816,George,Jenkins,gjenkinsmn@rediff.com,Indonesia,2.181.213.130
817,Emily,Carr,ecarrmo@storify.com,Indonesia,40.118.37.250
818,Bruce,Hart,bhartmp@hc360.com,Indonesia,51.205.167.135
819,Steven,Jordan,sjordanmq@who.int,China,24.182.68.64
820,Lisa,Palmer,lpalmermr@pen.io,Philippines,43.226.222.255
821,Paul,Reyes,preyesms@prlog.org,China,21.99.157.130
822,Catherine,Matthews,cmatthewsmt@blogtalkradio.com,Poland,152.170.163.120
823,Joan,Fox,jfoxmu@sitemeter.com,Russia,146.170.143.86
824,Craig,Day,cdaymv@cnbc.com,Laos,193.27.218.146
825,Nicholas,Cruz,ncruzmw@xing.com,China,59.14.250.193
826,Doris,Ford,dfordmx@salon.com,Greece,168.77.49.127
827,Jennifer,Romero,jromeromy@canalblog.com,Russia,213.193.92.43
828,Tina,Jackson,tjacksonmz@jimdo.com,Libya,6.201.15.69
829,Marie,Ross,mrossn0@godaddy.com,Indonesia,101.179.207.16
830,Charles,Evans,cevansn1@google.com.au,China,110.128.139.128
831,Louis,Richards,lrichardsn2@jugem.jp,Mongolia,27.178.229.5
832,Annie,Wheeler,awheelern3@google.co.jp,United States,46.75.82.101
833,Chris,Elliott,celliottn4@exblog.jp,Russia,254.38.103.104
834,Pamela,Williams,pwilliamsn5@hubpages.com,Haiti,250.133.29.175
835,Jesse,Ramirez,jramirezn6@opera.com,Indonesia,247.158.178.225
836,Christine,Harris,charrisn7@narod.ru,Venezuela,156.123.186.150
837,Jeremy,Perez,jperezn8@issuu.com,Sweden,93.249.241.28
838,Victor,Jordan,vjordann9@theglobeandmail.com,Iran,204.44.11.182
839,Clarence,Gardner,cgardnerna@tumblr.com,Libya,103.188.142.22
840,Judith,Hanson,jhansonnb@slashdot.org,United Kingdom,228.100.82.82
841,Joseph,Fisher,jfishernc@sphinn.com,Indonesia,6.244.184.30
842,Earl,Bishop,ebishopnd@theguardian.com,Ukraine,187.22.208.139
843,Tina,Lynch,tlynchne@stanford.edu,Israel,22.191.224.158
844,Roger,Williamson,rwilliamsonnf@salon.com,Mexico,55.119.79.29
845,Joe,Hansen,jhansenng@mac.com,Brazil,0.252.2.198
846,Katherine,Johnston,kjohnstonnh@alexa.com,China,124.61.250.66
847,Kathy,Hamilton,khamiltonni@netvibes.com,Sweden,82.95.241.117
848,Melissa,Harris,mharrisnj@earthlink.net,El Salvador,96.29.168.37
849,Christine,Graham,cgrahamnk@google.cn,United States,193.174.165.228
850,Jeffrey,Howard,jhowardnl@sakura.ne.jp,China,187.101.111.55
851,James,Howell,jhowellnm@tuttocitta.it,Japan,177.140.192.27
852,Sarah,Simmons,ssimmonsnn@rambler.ru,Peru,150.71.233.166
853,Joshua,Coleman,jcolemanno@smh.com.au,China,18.247.128.25
854,Doris,Diaz,ddiaznp@earthlink.net,Sweden,84.31.139.204
855,Teresa,Porter,tporternq@flickr.com,Central African Republic,73.59.157.111
856,Eugene,Woods,ewoodsnr@cisco.com,Indonesia,184.172.202.224
857,Nicholas,Walker,nwalkerns@omniture.com,Brazil,213.180.116.187
858,Scott,Arnold,sarnoldnt@guardian.co.uk,Latvia,48.99.118.151
859,Alice,Wheeler,awheelernu@google.cn,Canada,127.60.12.243
860,Carolyn,Kelley,ckelleynv@furl.net,Russia,70.177.8.51
861,Tammy,Gomez,tgomeznw@patch.com,Mexico,106.116.244.111
862,Nancy,Gonzalez,ngonzaleznx@clickbank.net,China,246.69.141.202
863,Diana,Diaz,ddiazny@answers.com,Poland,127.76.233.119
864,Frank,Fowler,ffowlernz@g.co,Brazil,144.105.154.192
865,Frank,Fisher,ffishero0@squarespace.com,Poland,202.16.163.245
866,Ronald,Bishop,rbishopo1@wp.com,New Zealand,229.81.39.17
867,Amy,Jones,ajoneso2@rediff.com,Portugal,195.26.198.81
868,Johnny,Berry,jberryo3@amazon.de,Brazil,113.151.200.122
869,Timothy,Kelly,tkellyo4@techcrunch.com,Haiti,37.227.65.163
870,Phillip,Crawford,pcrawfordo5@acquirethisname.com,Ukraine,29.220.202.197
871,Phillip,Welch,pwelcho6@state.gov,Canada,139.119.189.22
872,Pamela,Stone,pstoneo7@nps.gov,China,195.230.93.57
873,Patricia,Wood,pwoodo8@surveymonkey.com,Indonesia,255.40.79.76
874,Paula,Robinson,probinsono9@rambler.ru,United States,220.60.155.228
875,Joan,Mcdonald,jmcdonaldoa@msu.edu,Czech Republic,199.93.117.48
876,Carol,Morrison,cmorrisonob@businessweek.com,Indonesia,94.159.72.133
877,Anna,Webb,awebboc@about.me,Afghanistan,97.142.57.161
878,Thomas,Ortiz,tortizod@tiny.cc,United States,180.157.82.169
879,Paul,Ramos,pramosoe@skype.com,Ukraine,37.45.106.83
880,Joseph,Olson,jolsonof@sohu.com,Brazil,249.204.186.158
881,Diana,Carpenter,dcarpenterog@craigslist.org,Indonesia,154.241.74.242
882,Diana,Morris,dmorrisoh@printfriendly.com,Thailand,1.107.60.62
883,Victor,Watson,vwatsonoi@huffingtonpost.com,Sweden,30.125.234.163
884,Carol,Chapman,cchapmanoj@va.gov,China,100.107.248.30
885,Shawn,Griffin,sgriffinok@springer.com,China,70.194.138.180
886,Wayne,Reid,wreidol@twitpic.com,Russia,82.178.130.18
887,Shawn,Butler,sbutlerom@privacy.gov.au,Philippines,98.35.91.14
888,Denise,Larson,dlarsonon@shop-pro.jp,Haiti,5.139.148.174
889,Brandon,Reyes,breyesoo@123-reg.co.uk,Canada,255.178.158.200
890,Kenneth,Arnold,karnoldop@bizjournals.com,Philippines,154.204.195.123
891,Lisa,Fox,lfoxoq@google.com.br,Democratic Republic of the Congo,12.202.163.253
892,Charles,Thomas,cthomasor@nba.com,Afghanistan,55.139.199.189
893,Michael,Wagner,mwagneros@msn.com,Indonesia,11.29.201.198
894,Rose,Fowler,rfowlerot@apache.org,Ukraine,211.224.178.10
895,Joshua,Mason,jmasonou@last.fm,United States,141.72.226.141
896,Carol,Fox,cfoxov@newyorker.com,Serbia,33.113.90.46
897,William,Hart,whartow@wikimedia.org,Philippines,143.130.162.146
898,Henry,Kennedy,hkennedyox@dailymail.co.uk,China,91.111.65.172
899,Julia,Peterson,jpetersonoy@google.com.br,Morocco,240.11.8.174
900,Virginia,Cole,vcoleoz@spotify.com,Greece,89.210.187.116
901,Larry,Garza,lgarzap0@netvibes.com,South Africa,147.223.119.35
902,Craig,Wheeler,cwheelerp1@skype.com,Sweden,202.56.2.209
903,Terry,Vasquez,tvasquezp2@omniture.com,Philippines,37.140.184.34
904,Pamela,Olson,polsonp3@wired.com,China,49.143.101.87
905,Scott,Sanchez,ssanchezp4@boston.com,Sweden,142.56.177.101
906,Philip,Grant,pgrantp5@ovh.net,China,141.48.206.170
907,Joyce,Fisher,jfisherp6@stanford.edu,Canada,53.31.124.18
908,Evelyn,Bradley,ebradleyp7@vkontakte.ru,Albania,83.196.185.250
909,Stephanie,Greene,sgreenep8@baidu.com,Canada,245.231.29.92
910,Wayne,Young,wyoungp9@wufoo.com,Venezuela,61.190.140.126
911,Nancy,Stone,nstonepa@webmd.com,Malaysia,186.200.242.38
912,Patricia,Wallace,pwallacepb@biglobe.ne.jp,Indonesia,10.182.124.168
913,Steven,Mccoy,smccoypc@cargocollective.com,Pakistan,82.48.49.37
914,Todd,Rivera,triverapd@altervista.org,United States,78.93.219.176
915,Kimberly,Woods,kwoodspe@jiathis.com,Croatia,198.144.42.212
916,Arthur,Butler,abutlerpf@list-manage.com,Indonesia,87.202.126.11
917,Lawrence,Barnes,lbarnespg@zimbio.com,Jamaica,141.174.194.116
918,Eugene,Fields,efieldsph@indiatimes.com,France,208.128.173.44
919,Alan,Burns,aburnspi@acquirethisname.com,Portugal,59.61.15.95
920,Ralph,Wagner,rwagnerpj@technorati.com,Canada,139.17.160.80
921,Ernest,Hunter,ehunterpk@pagesperso-orange.fr,China,180.80.19.2
922,Howard,Bradley,hbradleypl@fotki.com,China,144.169.194.82
923,Joyce,Meyer,jmeyerpm@europa.eu,Brazil,38.170.137.6
924,Mildred,Turner,mturnerpn@dailymotion.com,Russia,198.0.171.114
925,Anne,Dunn,adunnpo@bandcamp.com,China,92.19.182.249
926,Billy,Henry,bhenrypp@cargocollective.com,Azerbaijan,117.210.255.152
927,Sandra,Romero,sromeropq@columbia.edu,Thailand,129.218.5.152
928,Ralph,Dixon,rdixonpr@oakley.com,Greece,21.29.223.72
929,Ronald,Howell,rhowellps@marriott.com,Poland,189.127.254.23
930,Maria,Richardson,mrichardsonpt@ifeng.com,Indonesia,207.8.119.31
931,Virginia,Sanders,vsanderspu@bandcamp.com,China,177.153.64.217
932,Beverly,Burke,bburkepv@gizmodo.com,East Timor,97.209.139.162
933,Willie,Dean,wdeanpw@mail.ru,France,214.254.35.75
934,Joan,Williams,jwilliamspx@nih.gov,Brazil,68.209.234.148
935,Mark,Walker,mwalkerpy@gravatar.com,China,156.95.120.106
936,Adam,Martinez,amartinezpz@vistaprint.com,Mongolia,14.117.234.189
937,Kimberly,Lawrence,klawrenceq0@infoseek.co.jp,Indonesia,166.144.13.71
938,Katherine,Rodriguez,krodriguezq1@histats.com,Mali,131.189.137.202
939,Gary,Morales,gmoralesq2@nps.gov,Albania,47.168.25.168
940,Joan,Garrett,jgarrettq3@usda.gov,Portugal,65.225.75.28
941,Johnny,Moore,jmooreq4@linkedin.com,Tunisia,163.235.253.98
942,Betty,Sanders,bsandersq5@liveinternet.ru,Indonesia,157.61.5.114
943,Annie,Ray,arayq6@howstuffworks.com,China,33.181.7.45
944,Heather,Burke,hburkeq7@ft.com,Egypt,44.150.121.90
945,Ernest,Mcdonald,emcdonaldq8@about.com,Russia,63.11.94.217
946,Gerald,Myers,gmyersq9@paginegialle.it,Japan,97.96.243.147
947,Lori,Hunter,lhunterqa@com.com,China,201.80.164.200
948,Christine,Russell,crussellqb@nsw.gov.au,Swaziland,229.122.158.239
949,Joshua,Rogers,jrogersqc@samsung.com,Japan,222.78.56.129
950,Patricia,Oliver,poliverqd@51.la,Indonesia,243.226.205.227
951,Robin,Watson,rwatsonqe@nbcnews.com,Indonesia,202.235.66.185
952,Phillip,James,pjamesqf@fotki.com,Czech Republic,147.222.211.251
953,Christopher,Coleman,ccolemanqg@simplemachines.org,South Africa,160.118.119.160
954,Christopher,Romero,cromeroqh@hibu.com,Philippines,100.81.169.101
955,Margaret,Allen,mallenqi@lulu.com,Ukraine,164.1.58.62
956,Gerald,Martinez,gmartinezqj@state.tx.us,Brazil,17.126.223.139
957,Richard,Edwards,redwardsqk@e-recht24.de,China,244.211.192.84
958,Amy,White,awhiteql@multiply.com,Peru,98.174.28.220
959,Alice,Porter,aporterqm@list-manage.com,Colombia,70.75.153.234
960,Kimberly,Rogers,krogersqn@ucla.edu,China,253.102.247.95
961,Janet,Carroll,jcarrollqo@miitbeian.gov.cn,China,19.10.180.62
962,Gerald,Martinez,gmartinezqp@nifty.com,Serbia,12.9.118.104
963,Mary,Cunningham,mcunninghamqq@pbs.org,Indonesia,180.124.42.195
964,Kathleen,Rose,kroseqr@ycombinator.com,China,189.1.93.133
965,Christina,Martin,cmartinqs@reference.com,Russia,46.73.188.254
966,Teresa,Alexander,talexanderqt@ning.com,Czech Republic,203.180.33.225
967,Janice,Ross,jrossqu@wikia.com,France,193.131.17.223
968,Julia,Sims,jsimsqv@bing.com,Thailand,171.68.6.151
969,Karen,Hayes,khayesqw@myspace.com,Portugal,37.3.134.208
970,James,Walker,jwalkerqx@naver.com,Canada,146.138.110.215
971,Ronald,Bell,rbellqy@nsw.gov.au,Canada,251.158.161.100
972,Steven,Nelson,snelsonqz@mail.ru,China,231.81.238.191
973,Teresa,Pierce,tpiercer0@netvibes.com,Malaysia,240.149.149.43
974,Ashley,Burton,aburtonr1@amazon.de,Andorra,47.129.142.203
975,Clarence,Mitchell,cmitchellr2@stanford.edu,Indonesia,207.159.143.201
976,Lisa,Tucker,ltuckerr3@slashdot.org,Nicaragua,10.56.226.207
977,Brian,Greene,bgreener4@jalbum.net,China,166.212.146.101
978,Debra,Hernandez,dhernandezr5@free.fr,Kenya,102.78.165.2
979,Elizabeth,Harris,eharrisr6@ning.com,Poland,185.67.88.210
980,Norma,Bowman,nbowmanr7@histats.com,France,201.190.212.49
981,Martin,Williams,mwilliamsr8@acquirethisname.com,Russia,4.227.16.61
982,Sara,Ferguson,sfergusonr9@ameblo.jp,Russia,102.66.132.57
983,Sara,Carter,scarterra@wix.com,Philippines,55.4.141.222
984,Ruby,Hansen,rhansenrb@bbb.org,Russia,193.152.194.10
985,Jane,Stanley,jstanleyrc@nifty.com,Russia,153.18.230.130
986,Ronald,Young,ryoungrd@zdnet.com,China,169.3.169.13
987,Anna,Long,alongre@wordpress.org,China,6.103.227.76
988,Margaret,Cook,mcookrf@mlb.com,China,70.136.10.238
989,Eric,Cole,ecolerg@princeton.edu,China,28.111.70.237
990,Harold,Shaw,hshawrh@macromedia.com,Portugal,151.11.193.43
991,Keith,Armstrong,karmstrongri@wsj.com,Portugal,17.97.186.208
992,Earl,Howell,ehowellrj@nydailynews.com,Philippines,60.43.197.239
993,Gloria,Bryant,gbryantrk@columbia.edu,Philippines,35.209.64.136
994,Alice,Jacobs,ajacobsrl@wufoo.com,Ireland,162.104.51.113
995,Rebecca,Willis,rwillisrm@seattletimes.com,Russia,47.225.49.200
996,Patrick,Carpenter,pcarpenterrn@yelp.com,Bangladesh,152.211.198.241
997,Margaret,Smith,msmithro@yandex.ru,Serbia,204.96.210.48
998,Irene,Gibson,igibsonrp@deliciousdays.com,Indonesia,179.173.174.160
999,Bobby,Ross,brossrq@virginia.edu,Thailand,63.54.85.198
1000,Deborah,Ryan,dryanrr@dmoz.org,Indonesia,234.51.239.247
